DELETE
FROM suggestion;
DELETE
FROM product_categories;
DELETE
FROM product;
DELETE
FROM grade;
DELETE
FROM account_fav_social_fridges;
DELETE
FROM social_fridge;
DELETE
FROM social_fridge_average_rating;
DELETE
FROM address;
DELETE
FROM account_fav_categories;
DELETE
FROM account;

DO
'
BEGIN
    IF NOT EXISTS (SELECT FROM pg_user WHERE usename = ''mzls'') THEN
        CREATE USER mzls WITH PASSWORD ''password'';
        REVOKE ALL ON SCHEMA public FROM public;
        GRANT USAGE ON SCHEMA public TO mzls;
        EXECUTE ''GRANT SELECT, INSERT, UPDATE, DELETE ON ALL TABLES IN SCHEMA public TO mzls'';

        GRANT USAGE, SELECT ON SEQUENCE address_seq TO mzls;
        GRANT USAGE, SELECT ON SEQUENCE social_fridge_average_rating_seq TO mzls;
        GRANT USAGE, SELECT ON SEQUENCE social_fridge_seq TO mzls;
        GRANT USAGE, SELECT ON SEQUENCE product_seq TO mzls;
        GRANT USAGE, SELECT ON SEQUENCE suggestion_seq TO mzls;
        GRANT USAGE, SELECT ON SEQUENCE grade_seq TO mzls;
        GRANT USAGE, SELECT ON SEQUENCE account_seq TO mzls;
    END IF;
END';


INSERT INTO account (id, created_by, creation_date_time, last_modification_date_time, last_modified_by, version,
                     username, first_name, last_name, email, is_enabled, language, roles, update_counter)
VALUES (-1, 'clientadmin', NOW(), NOW(), 'clientadmin', 0, 'clientmanager', 'Manager', 'Manager',
        'radek.moskal@gmail.com', true, 'PL', ARRAY['CLIENT_MANAGER'], 0),
       (-4, 'clientadmin', NOW(), NOW(), 'clientadmin', 0, 'clientmanager2', 'Manager2', 'Manager2',
        'radoslaw.moskal@vp.pl', true, 'PL', ARRAY['CLIENT_MANAGER'], 0),
       (-2, 'clientadmin', NOW(), NOW(), 'clientadmin', 0, 'clientuser', 'User', 'User', 'ratujmyzywnosc@gmail.com',
        true, 'PL', ARRAY['CLIENT_USER'], 0);

INSERT INTO account_fav_categories (account_id, fav_categories)
VALUES (-2, 'VEGETABLES');

INSERT INTO address (id, created_by, creation_date_time, last_modification_date_time, last_modified_by, version,
                     building_number, city, latitude, longitude, postal_code, street)
VALUES (-1, 'clientmanager', NOW(), NOW(), 'clientmanager', 0, '102/102a', 'Łódź', '51.76363365', '19.467654774971205',
        '90-013', 'Jana Kilińskiego'),
       (-2, 'clientmanager', NOW(), NOW(), 'clientmanager', 0, '30', 'Łódź', '51.7467436', '19.49682477053745',
        '93-217', 'Generała Stefana Grota-Roweckiego'),
       (-3, 'clientmanager', NOW(), NOW(), 'clientmanager', 0, '5a', 'Łódź', '51.75487715', '19.537729447262357',
        '92-508', 'Mieczysławy Ćwiklińskiej'),
       (-4, 'clientmanager', NOW(), NOW(), 'clientmanager', 0, '56', 'Łódź', '51.7414138', '19.5655864', '92-414',
        'Zakładowa'),
       (-5, 'clientmanager', NOW(), NOW(), 'clientmanager', 0, '50', 'Łódź', '51.7473277', '19.3954416', '94-046',
        'Armii Krajowej'),
       (-6, 'clientmanager', NOW(), NOW(), 'clientmanager', 0, '7', 'Łódź', '51.7586453', '19.521629001130087',
        '92-543', 'Świętego Brata Alberta Chmielowskiego'),
       (-7, 'clientmanager', NOW(), NOW(), 'clientmanager', 0, '1a', 'Łódź', '51.73134445', '19.477544975', '93-184',
        'Władysława Broniewskiego'),
       (-8, 'clientmanager', NOW(), NOW(), 'clientmanager', 0, '13', 'Łódź', '51.762851', '19.4497547', '90-503',
        'Mikołaja Kopernika'),
       (-9, 'clientmanager', NOW(), NOW(), 'clientmanager', 0, '228', 'Łódź', '51.74512345', '19.480531240088393',
        '93-126', 'Jana Kilińskiego'),
       (-10, 'clientmanager', NOW(), NOW(), 'clientmanager', 0, '11', 'Łódź', '51.7895533', '19.3972385', '91-117',
        'Klaretyńska'),
       (-11, 'clientmanager', NOW(), NOW(), 'clientmanager', 0, '61a', 'Łódź', '51.717328800000004',
        '19.473069107482566', '93-357', 'Kosynierów Gdyńskich'),
       (-12, 'clientmanager', NOW(), NOW(), 'clientmanager', 0, '36', 'Łódź', '51.818394749999996',
        '19.418146706888763', '91-371', '11 Listopada'),
       (-13, 'clientmanager', NOW(), NOW(), 'clientmanager', 0, '104', 'Łódź', '51.7646875', '19.480709', '90-040',
        'Nawrot'),
       (-14, 'clientmanager', NOW(), NOW(), 'clientmanager', 0, '12', 'Łódź', '51.78839855', '19.457500065069688',
        '91-825', 'Pasterska'),
       (-15, 'clientmanager', NOW(), NOW(), 'clientmanager', 0, '149/153', 'Łódź', '51.7701594', '19.5710987', '91-001',
        'Pomorska'),
       (-16, 'clientmanager', NOW(), NOW(), 'clientmanager', 0, '1', 'Łódź', '51.8197291', '19.4402802', '91-498',
        'Romantyczna'),
       (-17, 'clientmanager', NOW(), NOW(), 'clientmanager', 0, '11', 'Łódź', '51.7981014', '19.458120849583715',
        '91-855', 'Rysownicza'),
       (-18, 'clientmanager', NOW(), NOW(), 'clientmanager', 0, '60', 'Łódź', '51.761103199999994',
        '19.463938636974056', '90-051', 'Henryka Sienkiewicza');

INSERT INTO grade (id, created_by, creation_date_time, last_modification_date_time, last_modified_by, version, rating)
VALUES (-1, 'clientmanager', NOW(), NOW(), 'clientmanager', 0, 4),
       (-2, 'clientmanager', NOW(), NOW(), 'clientmanager', 0, 4),
       (-3, 'clientmanager', NOW(), NOW(), 'clientmanager', 0, 4),
       (-4, 'clientmanager', NOW(), NOW(), 'clientmanager', 0, 4),
       (-5, 'clientmanager', NOW(), NOW(), 'clientmanager', 0, 4),
       (-6, 'clientmanager', NOW(), NOW(), 'clientmanager', 0, 4),
       (-7, 'clientmanager', NOW(), NOW(), 'clientmanager', 0, 4),
       (-8, 'clientmanager', NOW(), NOW(), 'clientmanager', 0, 4),
       (-9, 'clientmanager', NOW(), NOW(), 'clientmanager', 0, 4),
       (-10, 'clientmanager', NOW(), NOW(), 'clientmanager', 0, 4),
       (-11, 'clientmanager', NOW(), NOW(), 'clientmanager', 0, 4),
       (-12, 'clientmanager', NOW(), NOW(), 'clientmanager', 0, 4),
       (-13, 'clientmanager', NOW(), NOW(), 'clientmanager', 0, 4),
       (-14, 'clientmanager', NOW(), NOW(), 'clientmanager', 0, 4),
       (-15, 'clientmanager', NOW(), NOW(), 'clientmanager', 0, 4),
       (-16, 'clientmanager', NOW(), NOW(), 'clientmanager', 0, 4),
       (-17, 'clientmanager', NOW(), NOW(), 'clientmanager', 0, 4),
       (-18, 'clientmanager', NOW(), NOW(), 'clientmanager', 0, 4);


INSERT INTO social_fridge_average_rating (id, created_by, creation_date_time, last_modification_date_time,
                                          last_modified_by, version, average_rating)
VALUES (-1, 'clientmanager', NOW(), NOW(), 'clientmanager', 0, 0),
       (-2, 'clientmanager', NOW(), NOW(), 'clientmanager', 0, 0),
       (-3, 'clientmanager', NOW(), NOW(), 'clientmanager', 0, 0),
       (-4, 'clientmanager', NOW(), NOW(), 'clientmanager', 0, 0),
       (-5, 'clientmanager', NOW(), NOW(), 'clientmanager', 0, 0),
       (-6, 'clientmanager', NOW(), NOW(), 'clientmanager', 0, 0),
       (-7, 'clientmanager', NOW(), NOW(), 'clientmanager', 0, 0),
       (-8, 'clientmanager', NOW(), NOW(), 'clientmanager', 0, 0),
       (-9, 'clientmanager', NOW(), NOW(), 'clientmanager', 0, 0),
       (-10, 'clientmanager', NOW(), NOW(), 'clientmanager', 0, 0),
       (-11, 'clientmanager', NOW(), NOW(), 'clientmanager', 0, 0),
       (-12, 'clientmanager', NOW(), NOW(), 'clientmanager', 0, 0),
       (-13, 'clientmanager', NOW(), NOW(), 'clientmanager', 0, 0),
       (-14, 'clientmanager', NOW(), NOW(), 'clientmanager', 0, 0),
       (-15, 'clientmanager', NOW(), NOW(), 'clientmanager', 0, 0),
       (-16, 'clientmanager', NOW(), NOW(), 'clientmanager', 0, 0),
       (-17, 'clientmanager', NOW(), NOW(), 'clientmanager', 0, 0),
       (-18, 'clientmanager', NOW(), NOW(), 'clientmanager', 0, 0);

INSERT INTO social_fridge (id, created_by, creation_date_time, last_modification_date_time, last_modified_by, version,
                           state, account_id, address_id, social_fridge_average_rating_id)
VALUES (-1, 'clientmanager', NOW(), NOW(), 'clientmanager', 0, 'ACTIVE', -1, -1, -1),
       (-2, 'clientmanager', NOW(), NOW(), 'clientmanager', 0, 'ACTIVE', -1, -2, -2),
       (-3, 'clientmanager', NOW(), NOW(), 'clientmanager', 0, 'ACTIVE', -1, -3, -3),
       (-4, 'clientmanager', NOW(), NOW(), 'clientmanager', 0, 'ACTIVE', -1, -4, -4),
       (-5, 'clientmanager', NOW(), NOW(), 'clientmanager', 0, 'ACTIVE', -1, -5, -5),
       (-6, 'clientmanager', NOW(), NOW(), 'clientmanager', 0, 'ACTIVE', -1, -6, -6),
       (-7, 'clientmanager', NOW(), NOW(), 'clientmanager', 0, 'ACTIVE', -1, -7, -7),
       (-8, 'clientmanager', NOW(), NOW(), 'clientmanager', 0, 'ACTIVE', -1, -8, -8),
       (-9, 'clientmanager', NOW(), NOW(), 'clientmanager', 0, 'ACTIVE', -1, -9, -9),
       (-10, 'clientmanager', NOW(), NOW(), 'clientmanager', 0, 'ACTIVE', -1, -10, -10),
       (-11, 'clientmanager', NOW(), NOW(), 'clientmanager', 0, 'ACTIVE', -1, -11, -11),
       (-12, 'clientmanager', NOW(), NOW(), 'clientmanager', 0, 'ACTIVE', -1, -12, -12),
       (-13, 'clientmanager', NOW(), NOW(), 'clientmanager', 0, 'ACTIVE', -1, -13, -13),
       (-14, 'clientmanager', NOW(), NOW(), 'clientmanager', 0, 'ACTIVE', -1, -14, -14),
       (-15, 'clientmanager', NOW(), NOW(), 'clientmanager', 0, 'ACTIVE', -1, -15, -15),
       (-16, 'clientmanager', NOW(), NOW(), 'clientmanager', 0, 'ACTIVE', -1, -16, -16),
       (-17, 'clientmanager', NOW(), NOW(), 'clientmanager', 0, 'ACTIVE', -1, -17, -17),
       (-18, 'clientmanager', NOW(), NOW(), 'clientmanager', 0, 'ACTIVE', -1, -18, -18);

INSERT INTO social_fridge_grades (social_fridge_id, grades_id)
VALUES (-1, -1),
       (-2, -2),
       (-3, -3),
       (-4, -4),
       (-5, -5),
       (-6, -6),
       (-7, -7),
       (-8, -8),
       (-9, -9),
       (-10, -10),
       (-11, -11),
       (-12, -12),
       (-13, -13),
       (-14, -14),
       (-15, -15),
       (-16, -16),
       (-17, -17),
       (-18, -18);

INSERT INTO account_fav_social_fridges (account_id, fav_social_fridges_id)
VALUES (-2, -1);

INSERT INTO product (id, created_by, creation_date_time, last_modification_date_time, last_modified_by, version,
                     expiration_date, image, title, description, product_unit, size, social_fridge_id, state)
VALUES (-1, 'clientmanager', NOW(), NOW(), 'clientmanager', 0, '2024-12-31 23:59:59',
        'https://res.cloudinary.com/dqwyu38do/image/upload/v1702902594/ea83tzlgsxvfiipub69p.jpg', 'Jabłka',
        'Jabłka z domowego ogródka.', 'KILOGRAMS', 2.5, -1, 'AVAILABLE'),
       (-2, 'clientmanager', NOW(), NOW(), 'clientmanager', 0, '2024-08-31 23:59:59',
        'https://res.cloudinary.com/dqwyu38do/image/upload/v1702902594/ea83tzlgsxvfiipub69p.jpg', 'Jabłka',
        '1Jabłka z domowego ogródka.', 'KILOGRAMS', 1.0, -1, 'AVAILABLE'),
       (-3, 'clientmanager', NOW(), NOW(), 'clientmanager', 0, '2024-12-31 23:59:59',
        'https://res.cloudinary.com/dqwyu38do/image/upload/v1702902594/ea83tzlgsxvfiipub69p.jpg', 'Jabłka',
        'Jabłka z domowego ogródka.', 'KILOGRAMS', 2.5, -1, 'AVAILABLE'),
       (-4, 'clientmanager', NOW(), NOW(), 'clientmanager', 0, '2024-08-31 23:59:59',
        'https://res.cloudinary.com/dqwyu38do/image/upload/v1702902594/ea83tzlgsxvfiipub69p.jpg', 'Jabłka',
        'Jabłka z domowego ogródka.', 'KILOGRAMS' , 1.0, -1, 'AVAILABLE'),
       (-5, 'clientmanager', NOW(), NOW(), 'clientmanager', 0, '2024-12-31 23:59:59',
        'https://res.cloudinary.com/dqwyu38do/image/upload/v1702902594/ea83tzlgsxvfiipub69p.jpg', 'Jabłka',
        'Jabłka z domowego ogródka.', 'KILOGRAMS', 2.5, -1, 'AVAILABLE'),
       (-6, 'clientmanager', NOW(), NOW(), 'clientmanager', 0, '2024-08-31 23:59:59',
        'https://res.cloudinary.com/dqwyu38do/image/upload/v1702902594/ea83tzlgsxvfiipub69p.jpg', 'Jabłka',
        'Jabłka z domowego ogródka.', 'KILOGRAMS', 1.0, -1, 'AVAILABLE'),
       (-7, 'clientmanager', NOW(), NOW(), 'clientmanager', 0, '2024-12-31 23:59:59',
        'https://res.cloudinary.com/dqwyu38do/image/upload/v1703929424/waesz5yyfa3glibyacew.jpg', 'Bannany',
        'Bannany z supermarketu.', 'KILOGRAMS', 2.5, -1, 'AVAILABLE'),
       (-8, 'clientmanager', NOW(), NOW(), 'clientmanager', 0, '2024-08-31 23:59:59',
        'https://res.cloudinary.com/dqwyu38do/image/upload/v1703929424/waesz5yyfa3glibyacew.jpg', 'Bannany',
        'Bannany z supermarketu.', 'KILOGRAMS', 1.0, -1, 'AVAILABLE'),
       (-9, 'clientmanager', NOW(), NOW(), 'clientmanager', 0, '2024-12-31 23:59:59',
        'https://res.cloudinary.com/dqwyu38do/image/upload/v1703929424/waesz5yyfa3glibyacew.jpg', 'Bannany',
        'Bannany z supermarketu.', 'KILOGRAMS', 2.5, -1, 'AVAILABLE'),
       (-10, 'clientmanager', NOW(), NOW(), 'clientmanager', 0, '2024-08-31 23:59:59',
        'https://res.cloudinary.com/dqwyu38do/image/upload/v1703929424/waesz5yyfa3glibyacew.jpg', 'Bannany',
        'Bannany z supermarketu.', 'KILOGRAMS', 1.0, -1, 'AVAILABLE'),
       (-11, 'clientmanager', NOW(), NOW(), 'clientmanager', 0, '2024-12-31 23:59:59',
        'https://res.cloudinary.com/dqwyu38do/image/upload/v1703929424/waesz5yyfa3glibyacew.jpg', 'Bannany',
        'Bannany z supermarketu.', 'KILOGRAMS', 2.5, -1, 'AVAILABLE'),
       (-12, 'clientmanager', NOW(), NOW(), 'clientmanager', 0, '2024-08-31 23:59:59',
        'https://res.cloudinary.com/dqwyu38do/image/upload/v1703929424/waesz5yyfa3glibyacew.jpg', 'Bannany',
        'Bannany z supermarketu.', 'KILOGRAMS', 1.0, -1, 'AVAILABLE'),
       (-13, 'clientmanager', NOW(), NOW(), 'clientmanager', 0, '2024-12-31 23:59:59',
        'https://res.cloudinary.com/dqwyu38do/image/upload/v1703929733/sm1ac8usol2p9di1g98b.jpg', 'Cebula',
        'Cebula z domowegoo ogródka.', 'KILOGRAMS', 2.5, -2, 'AVAILABLE'),
       (-14, 'clientmanager', NOW(), NOW(), 'clientmanager', 0, '2024-08-31 23:59:59',
        'https://res.cloudinary.com/dqwyu38do/image/upload/v1703929733/sm1ac8usol2p9di1g98b.jpg', 'Cebula',
        'Cebula z domowegoo ogródka.', 'KILOGRAMS', 1.0, -2, 'AVAILABLE'),
       (-15, 'clientmanager', NOW(), NOW(), 'clientmanager', 0, '2024-12-31 23:59:59',
        'https://res.cloudinary.com/dqwyu38do/image/upload/v1703929733/sm1ac8usol2p9di1g98b.jpg', 'Cebula',
        'Cebula z domowegoo ogródka.', 'KILOGRAMS', 2.5, -2, 'AVAILABLE'),
       (-16, 'clientmanager', NOW(), NOW(), 'clientmanager', 0, '2024-08-31 23:59:59',
        'https://res.cloudinary.com/dqwyu38do/image/upload/v1703929733/sm1ac8usol2p9di1g98b.jpg', 'Cebula',
        'Cebula z domowegoo ogródka.', 'KILOGRAMS', 1.0, -2, 'AVAILABLE'),
       (-17, 'clientmanager', NOW(), NOW(), 'clientmanager', 0, '2024-08-31 23:59:59',
        'https://res.cloudinary.com/dqwyu38do/image/upload/v1703929733/sm1ac8usol2p9di1g98b.jpg', 'Cebula',
        'Cebula z domowegoo ogródka.', 'KILOGRAMS', 1.0, -2, 'AVAILABLE'),
       (-18, 'clientmanager', NOW(), NOW(), 'clientmanager', 0, '2024-12-31 23:59:59',
        'https://res.cloudinary.com/dqwyu38do/image/upload/v1703929733/sm1ac8usol2p9di1g98b.jpg', 'Cebula',
        'Cebula z domowegoo ogródka.', 'KILOGRAMS', 2.5, -2, 'AVAILABLE'),
       (-19, 'clientmanager', NOW(), NOW(), 'clientmanager', 0, '2024-08-31 23:59:59',
        'https://res.cloudinary.com/dqwyu38do/image/upload/v1700739709/jr93s0ursxe0og4tk8mv.webp', 'Domowy obiad',
        'Domowy obiad, kotlet schabowy', 'KILOGRAMS', 1.0, -2, 'AVAILABLE'),
       (-20, 'clientmanager', NOW(), NOW(), 'clientmanager', 0, '2024-12-31 23:59:59',
        'https://res.cloudinary.com/dqwyu38do/image/upload/v1700739709/jr93s0ursxe0og4tk8mv.webp', 'Domowy obiad',
        'Domowy obiad, kotlet schabowy', 'KILOGRAMS', 2.5, -2, 'AVAILABLE'),
       (-21, 'clientmanager', NOW(), NOW(), 'clientmanager', 0, '2024-08-31 23:59:59',
        'https://res.cloudinary.com/dqwyu38do/image/upload/v1700739709/jr93s0ursxe0og4tk8mv.webp', 'Domowy obiad',
        'Domowy obiad, kotlet schabowy', 'KILOGRAMS', 1.0, -2, 'AVAILABLE'),
       (-22, 'clientmanager', NOW(), NOW(), 'clientmanager', 0, '2024-12-31 23:59:59',
        'https://res.cloudinary.com/dqwyu38do/image/upload/v1700739709/jr93s0ursxe0og4tk8mv.webp', 'Domowy obiad',
        'Domowy obiad, kotlet schabowy', 'KILOGRAMS', 2.5, -2, 'AVAILABLE'),
       (-23, 'clientmanager', NOW(), NOW(), 'clientmanager', 0, '2024-08-31 23:59:59',
        'https://res.cloudinary.com/dqwyu38do/image/upload/v1700739709/jr93s0ursxe0og4tk8mv.webp', 'Domowy obiad',
        'Domowy obiad, kotlet schabowy', 'KILOGRAMS', 1.0, -2, 'AVAILABLE'),
       (-24, 'clientmanager', NOW(), NOW(), 'clientmanager', 0, '2024-12-31 23:59:59',
        'https://res.cloudinary.com/dqwyu38do/image/upload/v1700739709/jr93s0ursxe0og4tk8mv.webp', 'Domowy obiad',
        'Domowy obiad, kotlet schabowy', 'KILOGRAMS', 2.5, -2, 'AVAILABLE'),
       (-25, 'clientmanager', NOW(), NOW(), 'clientmanager', 0, '2024-08-31 23:59:59',
        'https://res.cloudinary.com/dqwyu38do/image/upload/v1703930057/oqsr53vpylbuygkt8s3w.jpg', 'Wiejski chleb',
        'Wiejski chleb z piiekarni', 'KILOGRAMS', 1.0, -3, 'AVAILABLE'),
       (-26, 'clientmanager', NOW(), NOW(), 'clientmanager', 0, '2024-12-31 23:59:59',
        'https://res.cloudinary.com/dqwyu38do/image/upload/v1703930057/oqsr53vpylbuygkt8s3w.jpg', 'Wiejski chleb',
        'Wiejski chleb z piiekarni', 'KILOGRAMS', 2.5, -3, 'AVAILABLE'),
       (-27, 'clientmanager', NOW(), NOW(), 'clientmanager', 0, '2024-08-31 23:59:59',
        'https://res.cloudinary.com/dqwyu38do/image/upload/v1703930057/oqsr53vpylbuygkt8s3w.jpg', 'Wiejski chleb',
        'Wiejski chleb z piiekarni', 'KILOGRAMS', 1.0, -3, 'AVAILABLE'),
       (-28, 'clientmanager', NOW(), NOW(), 'clientmanager', 0, '2024-12-31 23:59:59',
        'https://res.cloudinary.com/dqwyu38do/image/upload/v1703930057/oqsr53vpylbuygkt8s3w.jpg', 'Wiejski chleb',
        'Wiejski chleb z piiekarni', 'KILOGRAMS', 2.5, -3, 'AVAILABLE'),
       (-29, 'clientmanager', NOW(), NOW(), 'clientmanager', 0, '2024-08-31 23:59:59',
        'https://res.cloudinary.com/dqwyu38do/image/upload/v1703930057/oqsr53vpylbuygkt8s3w.jpg', 'Wiejski chleb',
        'Wiejski chleb z piiekarni', 'KILOGRAMS', 1.0, -3, 'AVAILABLE'),
       (-30, 'clientmanager', NOW(), NOW(), 'clientmanager', 0, '2024-12-31 23:59:59',
        'https://res.cloudinary.com/dqwyu38do/image/upload/v1703930057/oqsr53vpylbuygkt8s3w.jpg', 'Wiejski chleb',
        'Wiejski chleb z piiekarni', 'KILOGRAMS', 2.5, -3, 'AVAILABLE'),
       (-31, 'clientmanager', NOW(), NOW(), 'clientmanager', 0, '2024-08-31 23:59:59',
        'https://res.cloudinary.com/dqwyu38do/image/upload/v1705956172/jxtdkcmpaxaxuemyhkga.jpg', 'Wędzonaa domowa ryba',
        'Wędzonaa domowa ryba', 'KILOGRAMS', 1.0, -3, 'AVAILABLE'),
       (-32, 'clientmanager', NOW(), NOW(), 'clientmanager', 0, '2024-12-31 23:59:59',
        'https://res.cloudinary.com/dqwyu38do/image/upload/v1705956172/jxtdkcmpaxaxuemyhkga.jpg', 'Wędzonaa domowa ryba',
        'Wędzonaa domowa ryba', 'KILOGRAMS', 2.5, -3, 'AVAILABLE'),
       (-33, 'clientmanager', NOW(), NOW(), 'clientmanager', 0, '2024-08-31 23:59:59',
        'https://res.cloudinary.com/dqwyu38do/image/upload/v1705956172/jxtdkcmpaxaxuemyhkga.jpg', 'Wędzonaa domowa ryba',
        'Wędzonaa domowa ryba', 'KILOGRAMS', 1.0, -3, 'AVAILABLE'),
       (-34, 'clientmanager', NOW(), NOW(), 'clientmanager', 0, '2024-12-31 23:59:59',
        'https://res.cloudinary.com/dqwyu38do/image/upload/v1705956172/jxtdkcmpaxaxuemyhkga.jpg', 'Wędzonaa domowa ryba',
        'Wędzonaa domowa ryba', 'KILOGRAMS', 2.5, -3, 'AVAILABLE'),
       (-35, 'clientmanager', NOW(), NOW(), 'clientmanager', 0, '2024-08-31 23:59:59',
        'https://res.cloudinary.com/dqwyu38do/image/upload/v1705956172/jxtdkcmpaxaxuemyhkga.jpg', 'Wędzonaa domowa ryba',
        'Wędzonaa domowa ryba', 'KILOGRAMS', 1.0, -3, 'AVAILABLE'),
       (-36, 'clientmanager', NOW(), NOW(), 'clientmanager', 0, '2024-12-31 23:59:59',
        'https://res.cloudinary.com/dqwyu38do/image/upload/v1705956172/jxtdkcmpaxaxuemyhkga.jpg', 'Wędzonaa domowa ryba',
        'Wędzonaa domowa ryba', 'KILOGRAMS', 2.5, -3, 'AVAILABLE'),
       (-37, 'clientmanager', NOW(), NOW(), 'clientmanager', 0, '2024-08-31 23:59:59',
        'https://res.cloudinary.com/dqwyu38do/image/upload/v1705956214/bej18jzcwgp8s3ccwsmc.jpg', 'Domowe gołąbki w słoiku',
        'Domowe gołąbki w słoiku', 'LITERS', 1.0, -4, 'AVAILABLE'),
       (-38, 'clientmanager', NOW(), NOW(), 'clientmanager', 0, '2024-12-31 23:59:59',
        'https://res.cloudinary.com/dqwyu38do/image/upload/v1705956214/bej18jzcwgp8s3ccwsmc.jpg', 'Domowe gołąbki w słoiku',
        'Domowe gołąbki w słoiku', 'LITERS', 2.5, -4, 'AVAILABLE'),
       (-39, 'clientmanager', NOW(), NOW(), 'clientmanager', 0, '2024-08-31 23:59:59',
        'https://res.cloudinary.com/dqwyu38do/image/upload/v1705956214/bej18jzcwgp8s3ccwsmc.jpg', 'Domowe gołąbki w słoiku',
        'Domowe gołąbki w słoiku', 'LITERS', 1.0, -4, 'AVAILABLE'),
       (-40, 'clientmanager', NOW(), NOW(), 'clientmanager', 0, '2024-12-31 23:59:59',
        'https://res.cloudinary.com/dqwyu38do/image/upload/v1705956214/bej18jzcwgp8s3ccwsmc.jpg', 'Domowe gołąbki w słoiku',
        'Domowe gołąbki w słoiku', 'LITERS', 2.5, -1, 'AVAILABLE'),
       (-41, 'clientmanager', NOW(), NOW(), 'clientmanager', 0, '2024-08-31 23:59:59',
        'https://res.cloudinary.com/dqwyu38do/image/upload/v1705956214/bej18jzcwgp8s3ccwsmc.jpg', 'Domowe gołąbki w słoiku',
        'Domowe gołąbki w słoiku', 'LITERS', 1.0, -4, 'AVAILABLE'),
       (-42, 'clientmanager', NOW(), NOW(), 'clientmanager', 0, '2024-12-31 23:59:59',
        'https://res.cloudinary.com/dqwyu38do/image/upload/v1705956214/bej18jzcwgp8s3ccwsmc.jpg', 'Domowe gołąbki w słoiku',
        'Domowe gołąbki w słoiku', 'LITERS', 2.5, -1, 'AVAILABLE'),
       (-43, 'clientmanager', NOW(), NOW(), 'clientmanager', 0, '2024-08-31 23:59:59',
        'https://res.cloudinary.com/dqwyu38do/image/upload/v1705956254/vugin24iutfkpezniylv.jpg', 'Wiejska kiełbasa ze sklepu',
        'Wiejska kiełbasa ze sklepu', 'KILOGRAMS', 1.0, -4, 'AVAILABLE'),
       (-44, 'clientmanager', NOW(), NOW(), 'clientmanager', 0, '2024-12-31 23:59:59',
        'https://res.cloudinary.com/dqwyu38do/image/upload/v1705956254/vugin24iutfkpezniylv.jpg', 'Wiejska kiełbasa ze sklepu',
        'Wiejska kiełbasa ze sklepu', 'KILOGRAMS', 2.5, -1, 'AVAILABLE'),
       (-45, 'clientmanager', NOW(), NOW(), 'clientmanager', 0, '2024-08-31 23:59:59',
        'https://res.cloudinary.com/dqwyu38do/image/upload/v1705956254/vugin24iutfkpezniylv.jpg', 'Wiejska kiełbasa ze sklepu',
        'Wiejska kiełbasa ze sklepu', 'KILOGRAMS', 1.0, -4, 'AVAILABLE'),
       (-46, 'clientmanager', NOW(), NOW(), 'clientmanager', 0, '2024-12-31 23:59:59',
        'https://res.cloudinary.com/dqwyu38do/image/upload/v1705956254/vugin24iutfkpezniylv.jpg', 'Wiejska kiełbasa ze sklepu',
        'Wiejska kiełbasa ze sklepu', 'KILOGRAMS', 2.5, -1, 'AVAILABLE');

INSERT INTO suggestion (id, created_by, creation_date_time, last_modification_date_time, last_modified_by, version,
                        social_fridge_id, description, image, is_new)
VALUES (-1, 'clientuser', NOW(), NOW(), 'clientuser', 0, -1, 'W lodówce nie ma prądu i drzwi się nie zamykają.',
        'https://res.cloudinary.com/dqwyu38do/image/upload/v1705957541/yft5q7rnyw2blb1hohhk.jpg', true),
       (-2, 'clientuser', NOW(), NOW(), 'clientuser', 0, -1, 'W lodówce nie ma prądu i drzwi się nie zamykają.',
        'https://res.cloudinary.com/dqwyu38do/image/upload/v1705957541/yft5q7rnyw2blb1hohhk.jpg', true),
       (-3, 'clientuser', NOW(), NOW(), 'clientuser', 0, -2, 'W lodówce nie ma prądu i drzwi się nie zamykają.',
        'https://res.cloudinary.com/dqwyu38do/image/upload/v1705957541/yft5q7rnyw2blb1hohhk.jpg', true),
       (-4, 'clientuser', NOW(), NOW(), 'clientuser', 0, -2, 'W lodówce nie ma prądu i drzwi się nie zamykają.',
        'https://res.cloudinary.com/dqwyu38do/image/upload/v1705957541/yft5q7rnyw2blb1hohhk.jpg', true),
       (-5, 'clientuser', NOW(), NOW(), 'clientuser', 0, -3, 'W lodówce nie ma prądu i drzwi się nie zamykają.',
        'https://res.cloudinary.com/dqwyu38do/image/upload/v1705957541/yft5q7rnyw2blb1hohhk.jpg', true),
       (-6, 'clientuser', NOW(), NOW(), 'clientuser', 0, -3, 'W lodówce nie ma prądu i drzwi się nie zamykają.',
        'https://res.cloudinary.com/dqwyu38do/image/upload/v1705957541/yft5q7rnyw2blb1hohhk.jpg', true),
       (-7, 'clientuser', NOW(), NOW(), 'clientuser', 0, -4, 'W lodówce nie ma prądu i drzwi się nie zamykają.',
        'https://res.cloudinary.com/dqwyu38do/image/upload/v1705957541/yft5q7rnyw2blb1hohhk.jpg', true),
       (-8, 'clientuser', NOW(), NOW(), 'clientuser', 0, -4, 'W lodówce nie ma prądu i drzwi się nie zamykają.',
        'https://res.cloudinary.com/dqwyu38do/image/upload/v1705957541/yft5q7rnyw2blb1hohhk.jpg', true);

INSERT INTO product_categories (product_id, categories)
VALUES (-1, 'FRUITS'),
       (-2, 'FRUITS'),
       (-3, 'FRUITS'),
       (-4, 'FRUITS'),
       (-5, 'FRUITS'),
       (-6, 'FRUITS'),
       (-7, 'FRUITS'),
       (-8, 'FRUITS'),
       (-9, 'FRUITS'),
       (-10, 'FRUITS'),
       (-11, 'FRUITS'),
       (-12, 'FRUITS'),
       (-13, 'VEGETABLES'),
       (-14, 'VEGETABLES'),
       (-15, 'VEGETABLES'),
       (-16, 'VEGETABLES'),
       (-17, 'VEGETABLES'),
       (-18, 'VEGETABLES'),
       (-19, 'MEAT'),
       (-20, 'MEAT'),
       (-21, 'MEAT'),
       (-22, 'MEAT'),
       (-23, 'MEAT'),
       (-24, 'MEAT'),
       (-25, 'GRAIN_PRODUCTS'),
       (-26, 'GRAIN_PRODUCTS'),
       (-27, 'GRAIN_PRODUCTS'),
       (-28, 'GRAIN_PRODUCTS'),
       (-29, 'GRAIN_PRODUCTS'),
       (-30, 'GRAIN_PRODUCTS'),
       (-31, 'FISH'),
       (-32, 'FISH'),
       (-33, 'FISH'),
       (-34, 'FISH'),
       (-35, 'FISH'),
       (-36, 'FISH'),
       (-37, 'MEAT'),
       (-38, 'MEAT'),
       (-39, 'MEAT'),
       (-40, 'MEAT'),
       (-41, 'MEAT'),
       (-42, 'MEAT'),
       (-43, 'MEAT'),
       (-44, 'MEAT'),
       (-45, 'MEAT'),
       (-46, 'MEAT');
